owner,app,doi,brainlife_id
zahransa,app-decoding-full-epochs,10.25663/brainlife.app.650,62ab109aab3e669780634426
brainlife,app-maiaRings,10.25663/brainlife.app.493,605b9143edebf0f4fdd2a7cc
zahransa,app-SSP-projectors-ECG,10.25663/brainlife.app.672,63340316db978c79919b4c98
zahransa,app-apply-projectors,10.25663/brainlife.app.674,63341bd2db978c79919bff74
zahransa,app-decoding-time-by-time,10.25663/brainlife.app.655,62b9789af3194eded6f719a6
zahransa,app-find-bads-ecg,10.25663/brainlife.app.677,63357d2adb978c7991a2e781
kitchell,app-generatetractsurfaces,10.25663/brainlife.app.108,593049d7ff090a00210eff05
brainlife,app-abcd-hcp-pipeline,10.25663/brainlife.app.452,5fc668231828bc57c651fdb1
brainlife,app-acpcART,10.25663/bl.app.16,5a0def2eb2f8e6004a894f3b
anibalsolon,bl-app-prfmodel,10.25663/brainlife.app.598,619daaba09959fabbdc0517f
brainlife,app-tractclassification,10.25663/bl.app.13,59dff93521ff360021b24ebf
brainlife,app-tractclassification,10.25663/brainlife.app.207,5cf8256e94cb4c02b711c745
brainlife,app-tractclassification,10.25663/bl.app.56,58f10d01436ee50ffd906e68
brainlife,app-tractclassification,10.25663/brainlife.app.206,5cf8252694cb4c02b711c739
giulia-berto,app-ants-FA-registration,10.25663/brainlife.app.118,5adbe476da9f040027366d14
giulia-berto,app-ants-mni,10.25663/brainlife.app.202,5ce719f440363b003536782e
giulia-berto,app-ants-transformation-registration,10.25663/bl.app.27,5af0680d8b3100002bcc2b24
giulia-berto,app-ants-transformation-registration,10.25663/bl.app.26,5add38f4da9f040027366d26
vnbcs,app-ANTsRegistration,10.25663/brainlife.app.581,6166e55afc8eb93fb7fce780
brainlife,app-dwiToDtiinit,10.25663/brainlife.app.153,5c5087d514061b00377b22d4
brainlife,app-hcp-acpc-alignment,10.25663/bl.app.99,5b96d5ed059cf9002719250b
brainlife,app-align-t2-to-t1,10.25663/brainlife.app.510,6081c92b89df431f726940d8
brainlife,app-hcp-acpc-alignment,10.25663/brainlife.app.116,5bc0f0d0afd0bc0027efcd66
brainlife,app-hcp-acpc-alignment,10.25663/brainlife.app.511,60832a3789df43532e6dbb7b
brainlife,app-align-mp2rage-to-t1,10.25663/brainlife.app.509,6081c1d389df434ba96922ae
davhunt,app-analyzePRF,10.25663/brainlife.app.177,5cae3ef776cdaa0030b9232b
bacaron,app-mrtrix3-act,10.25663/brainlife.app.297,5e88b8bf952fef39d57abcf2
giulia-berto,app-multi-lap-anat,10.25663/brainlife.app.227,5d6f9160398672065e49642f
giulia-berto,app-multi-lap-anat,10.25663/brainlife.app.122,5bd46dddf384a600273bf480
brainlife,app-maxwell-filter,10.25663/brainlife.app.476,602bc6a33a001123014c442a
brainlife,app-notch-filter,10.25663/brainlife.app.504,60770020e8c764b2bae512ae
brainlife,app-temporal-filtering,10.25663/brainlife.app.497,6066eab2c7f80a647b93d1a7
brainlife,app-register-rois-mni,10.25663/brainlife.app.670,6331b1fe2aea314314dbd0f2
brainlife,app-register-rois-mni,10.25663/brainlife.app.667,632a582271291bb27f9c6fca
brainlife,app-warp-bold,10.25663/brainlife.app.566,612fd650584a769e283c22d5
brainlife,app-warp-bold,10.25663/brainlife.app.569,6138cab4584a762c35417ac8
brainlife,VisWMROIWarp,10.25663/brainlife.app.168,5c72e7e3badd19003102e8d3
svincibo,app-ashs-segment,10.25663/brainlife.app.262,5deece232d1c254a76929834
guiomar,app-average-erp,10.25663/brainlife.app.644,62a20ab1ab3e6697805fc07f
guiomar,app-average-channels,10.25663/brainlife.app.599,61b35c3952911e175a209747
kathrynalpert,app-bids-mrtrix3_connectome,10.25663/bl.app.77,5ac39b3014f0d4002802e150
soichih,app-bids-tracula,10.25663/bl.app.76,5aaffb4ec931e60132a6a4a0
brainlife,app-broccoli,10.25663/brainlife.app.517,60912e1e8fe49fc00e1bbf26
BramshQamar,brainlife_buan_bundle_profile,10.25663/brainlife.app.540,60e605644cb704633c072687
brainlife,bl_apps_dipy_buan_profiles,10.25663/brainlife.app.456,5fce6ccd678a91c40249c0cd
brainlife,bl_apps_dipy_buan_shapes,10.25663/brainlife.app.455,5fce6bec678a91593049bfb6
davhunt,app-bayesian-retinotopy,10.25663/brainlife.app.245,5dbe0820fdefb1e42b771dda
kitchell,app-biasfieldcorrection,10.25663/bl.app.14,5a0f2dba19b13d1e190f1eeb
kitchell,app-biasfieldcorrection,10.25663/bl.app.7,5ae9c55df446980028b15eba
brainlife,app-thickness-volume-eccentricity,10.25663/brainlife.app.243,5dbc9db38aeeee0c95f37020
kitchell,app-generatetractmasks,10.25663/brainlife.app.142,592dc03eb3cd7c00211dc239
guiomar,app-brainstorm-2_meg_preprocessing,10.25663/brainlife.app.488,604695d5ebfe450f303a744e
brainlife,app-eccentricity-classification,10.25663/brainlife.app.648,62a7bf96ab3e66978061f0af
brainlife,app-eccentricity-classification,10.25663/brainlife.app.232,5d940c37f6484af52e6a8799
brainlife,app-eccentricity-classification,10.25663/brainlife.app.649,62aa8b47ab3e6697806319ea
FCP-INDI,app-C-PAC-brainlife.io,10.25663/brainlife.app.399,5f3593e84615e04651bf9364
brainlife,app-CIT168Parc,10.25663/brainlife.app.449,5fb2f28a7e8ecb7444aaf372
soichih,app-conn-preprocessing,10.25663/bl.app.54,5a0261991ccc0d0041437678
brainlife,app-checkOrientation,10.25663/bl.app.20,5a4fb3d1fdf677004993ee18
brainlife,app-testflip,10.25663/bl.app.85,5b58b3f3786e0f002791d384
brainlife,app-checkOrientation,10.25663/bl.app.19,5a4e8622e7a2ee0035d0b8e3
brainlife,app-checkOrientation,10.25663/bl.app.21,5a50fa17fdf677004993ee23
FBK-NILab,app-classifyber,10.25663/brainlife.app.228,5d6fcae439867216d8496442
FBK-NILab,app-classifyber-segmentation,10.25663/brainlife.app.265,5df937ff32bff0566ae23cff
brainlife,app-AFQclean,10.25663/bl.app.11,597f8c463a37c7002e39bf77
brainlife,app-clean-parcellation,10.25663/brainlife.app.518,6091fb348fe49f74c01c20ed
FarnazZE,bnbl-brainlife-clustering-edge-time-series,10.25663/brainlife.app.642,629e58a57f60950a54d386d2
brainlife,app-compile-tractmeasures,10.25663/brainlife.app.436,5f73a86a0a320c3226112026
brainlife,app-compile-tractmeasures,10.25663/brainlife.app.432,5f6ce9c96bbee3b9469a3127
brainlife,app-compile-macro-micro-tract-stats,10.25663/brainlife.app.397,5f31b6d18a0b7ab423cc7683
brainlife,app-compile-tract-profiles,10.25663/brainlife.app.384,5eed6986d39ceb4bd5a0efde
brainlife,app-compile-tractmeasures,10.25663/brainlife.app.683,63471bcbfa262bbde2ac4a73
brainlife,app-compute-temporal-snr,10.25663/brainlife.app.378,5eea7b12d39cebfb5ca08df0
brainlife,app-network-backbone,10.25663/brainlife.app.665,63028e6f19b13f0a0ee0a35c
brainlife,app-sh2peaks,10.25663/brainlife.app.623,626eacabcbc76827b7188b93
brainlife,app-snr_in_cc,10.25663/brainlife.app.120,5bca308550fdf50028c6342c
svincibo,app-mp2rage-computeT1andR1,10.25663/brainlife.app.514,608b188b89df43179075b628
kitchell,app-binvolvolume,10.25663/bl.app.32,5afe0f2a2e93b90028263655
brainlife,app-cortex-tissue-mapping,10.25663/brainlife.app.552,6102f439b99111e76fbb74e4
brainlife,app-compute-similarity-parcellations,10.25663/brainlife.app.612,623bbbaa5d8ab5d5f04af6f4
brainlife,app-head-pos,10.25663/brainlife.app.499,60700d80c7f80a2c9095701f
brainlife,app-compute-tract-stats,10.25663/brainlife.app.439,5f794bde268f765c3929bda2
brainlife,app-mean-transformation-matrix,10.25663/brainlife.app.496,6065cee9d040085be2b0a9b7
brainlife,app-myelin-mapping,10.25663/brainlife.app.478,60355b8a3a0011acbb52c3c5
brainlife,app-commit,10.25663/brainlife.app.622,626c8036f3858674a2a803fd
brainlife,app-sift-sift2,10.25663/brainlife.app.615,62681cd2f3858674a29f554e
brainlife,app-freesurfer-stats,10.25663/brainlife.app.554,61099a0db991115733beac81
brainlife,app-freesurfer-stats,10.25663/brainlife.app.553,610993adb991116691be9916
brainlife,app-freesurfer-stats,10.25663/brainlife.app.389,5ef66ba5c67a0dd33d29d98a
brainlife,app-cortex-tissue-mapping-stats,10.25663/brainlife.app.483,603b030878e65d363cd1b3d0
brainlife,app-cortex-tissue-mapping-stats,10.25663/brainlife.app.383,5eed5e9dd39ceb225da0ed17
brainlife,app-cortex-tissue-mapping-stats,10.25663/brainlife.app.656,62c20d12f3194eded6fb203c
brainlife,app-cortex-tissue-mapping-stats,10.25663/brainlife.app.657,62c20fc9f3194eded6fb2254
brainlife,app-cortex-tissue-mapping-stats,10.25663/brainlife.app.651,62abfcd7ab3e66978063bf43
filipinascimento,bl-conmat2network,10.25663/brainlife.app.393,5f1fa182beafe9548f622a7e
anibalsolon,app-connectivity-gradient,10.25663/brainlife.app.574,6143a6a57a38b00ad39f50e9
brainlife,app-connectome-evaluator,10.25663/bl.app.102,59559aafd9f0e20021415cb6
kitchell,app-3DPialWM_freesurfer,10.25663/bl.app.38,5b083f9341711001e958b2b7
brainlife,app-make-mask-from-dtiinit,10.25663/brainlife.app.162,5c6391dcf2362b00318046b8
brainlife,app-ctf2fif,10.25663/brainlife.app.519,609aaa4a408e3c907bd56c27
brainlife,app-network-matrices-2-mat,10.25663/brainlife.app.335,5eb0a0650d21177fad4287d9
brainlife,app-convert-eddyqc-to-regressor,10.25663/brainlife.app.610,6230bbbb5d8ab5d5f038b43a
brainlife,app-cortex-tissue-mapping,10.25663/brainlife.app.576,6144b8987a38b0c6c8a05697
brainlife,app-convert-tck-to-trk,10.25663/brainlife.app.132,5c0ab6e6f9b4a2002efc1618
brainlife,app-convert-tck-to-trk,10.25663/brainlife.app.133,5c0e7f30f9b4a2002efc16ab
brainlife,app-converttck2trk,10.25663/bl.app.22,5a5cc14cd6e6ac00400249ed
DanNBullock,app-tcks_to_tck_and_WMC,10.25663/brainlife.app.641,629a7dd17f60950a54ccc68f
brainlife,app-convert-tractmeasures-2-tractprofile,10.25663/brainlife.app.524,60a6ce3d22b42a2f7f701fa7
brainlife,app-trk2tck,10.25663/bl.app.100,5b9940206e02fb0028e11626
brainlife,app-convert-wmc2labels,10.25663/brainlife.app.492,60538a6038fe12718ef0cd87
brainlife,app-wmctotrk,10.25663/brainlife.app.127,5bf5f6158fd1cc1134215180
brainlife,app-wmctotrk,10.25663/brainlife.app.129,5c06c3764ed1ac00273e68e3
brainlife,app-wmctotrk,10.25663/brainlife.app.231,5d89980e9842202a887ec261
brainlife,app-convert-wmc2wmc,10.25663/brainlife.app.201,5ce30cda40363b00353677ec
brainlife,app-cortex-tissue-mapping,10.25663/brainlife.app.379,5eea8548d39ceb4a30a090eb
brainlife,app-cortex-tissue-mapping,10.25663/brainlife.app.380,5eea858dd39ceb8483a09252
brainlife,app-cortex-tissue-mapping,10.25663/brainlife.app.480,60356cdd3a0011c55f52e65c
brainlife,app-cortex-tissue-mapping,10.25663/brainlife.app.516,608da87c8fe49f54761a9455
brainlife,app-cortex-tissue-mapping,10.25663/brainlife.app.560,6115dd26a5a04cb2b8f9f32f
brainlife,app-cortex-tissue-mapping,10.25663/brainlife.app.381,5eea88a5d39cebf15aa0948c
brainlife,app-cortex-tissue-mapping,10.25663/brainlife.app.382,5eea88bed39ceb789aa09510
brainlife,app-cortex-tissue-mapping,10.25663/brainlife.app.431,5f6cdaae6bbee32c629a2904
brainlife,app-cortex-tissue-mapping,10.25663/brainlife.app.479,60356c413a00110c6952e4e5
brainlife,app-cortex-tissue-mapping,10.25663/brainlife.app.515,608da73d8fe49ff0f31a929d
brainlife,app-cortex-tissue-mapping,10.25663/brainlife.app.561,6115dd7aa5a04cc30cf9f3fe
brainlife,app-cortex-tissue-mapping,10.25663/brainlife.app.562,6115e055a5a04ca30df9f71e
brainlife,app-hcp-cortex-mapping-replication,10.25663/brainlife.app.430,5f6cc1836bbee392069a19a6
brainlife,app-hcp-cortex-mapping-replication,10.25663/brainlife.app.293,5e8109c5dd840ee057e930dc
JacobColbyTanner,bnbl_brainlife,10.25663/brainlife.app.450,5fbc2d627e8ecb4e35abe62f
DanNBullock,app-createMNI_ROIS_and_warp2subj,10.25663/brainlife.app.629,6286a9ced0697cf1eae44a76
brainlife,app-mrtrix3-dwi-brainmask,10.25663/brainlife.app.387,5ef1211e78d63f25fbd39e02
brainlife,app-get-events,10.25663/brainlife.app.507,607959e198cade1e649b2183
brainlife,app-create-networkneuro,10.25663/brainlife.app.620,626bf253f3858674a2a6c9fb
brainlife,app-create-networkneuro,10.25663/brainlife.app.568,61310849584a7676723cb740
brainlife,app-cortex-tissue-mapping,10.25663/brainlife.app.573,613a78182012731985c885a5
brainlife,app-crop_reorient,10.25663/bl.app.15,5a0f38bf31769f1e4d46cc58
brainlife,app-crop_reorient,10.25663/brainlife.app.114,5bc0e221afd0bc0027efccef
FBK-NILab,bl_app_dbb_ANTsCTSeg,10.25663/brainlife.app.541,60ef07acddc2dff22965f239
FBK-NILab,bl_app_dbb_DiceScore,10.25663/brainlife.app.579,61645a25fc8eb9c745fa2f2e
FBK-NILab,bl_app_dbb_DisSeg,10.25663/brainlife.app.548,60f83394b99111089ab55f80
FBK-NILab,bl_app_dbb_preproc_t1w,10.25663/brainlife.app.535,60cb69e0cdfdb50220fee1c3
giulia-berto,app-compute-dsc,10.25663/brainlife.app.212,5d2882b742ed0707bd305676
giulia-berto,app-compute-dsc,10.25663/bl.app.57,5ad79504363fd5002759a6b5
brainlife,app-dwi-debias,10.25663/brainlife.app.557,611301a3a5a04c0a6df90472
brainlife,app-dwi-debias,10.25663/brainlife.app.234,5d9e9b8a2b4f67c7b8e670b1
dipy,bl_apps_dipy_info,10.25663/bl.app.63,5b1efecd73279e0028adfc1f
brainlife,app-dwi2t1-nonlinear,10.25663/brainlife.app.111,5bbf8a5cfcb14c00272a4971
kitchell,app-decimatemesh,10.25663/brainlife.app.148,59fa4fec98d5fa005dc3d55b
svincibo,app-mp2rage-denoiseUNI,10.25663/brainlife.app.506,607f1682932bd76bbbfdffda
brainlife,app-denoise-tensorflow,10.25663/brainlife.app.247,5dc307567f55b883d2bd4daf
dipy,bl_apps_dipy_denoise_lpca,10.25663/brainlife.app.454,5ea7bf49f1745d5b2ff80319
dipy,bl_apps_dipy_denoise_mppca,10.25663/brainlife.app.326,5ea7c33bf1745d4582f803e1
dipy,bl_apps_dipy_denoise_nlmeans,10.25663/bl.app.72,5a271f814e57c077cf5e3476
davhunt,app-darts,10.25663/brainlife.app.276,5e46ff4e1eafff7a00f9899e
guiomar,app-bad-channels,10.25663/brainlife.app.494,605e0a9616c60638446315ee
dungscout96,app-test-brainlife,10.25663/brainlife.app.538,60dc97c6cdfdb5ebe50156fb
guiomar,app_bdf2mne,10.25663/brainlife.app.635,628b67eed0697cf1eaeb5031
guiomar,app_brainvision2mne,10.25663/brainlife.app.636,628b6938d0697cf1eaeb6077
guiomar,app_edf2mne,10.25663/brainlife.app.637,628b6b3ed0697cf1eaeb70e9
guiomar,app_eeglab2mne,10.25663/brainlife.app.633,628b6340d0697cf1eaeb2a74
brainlife,app-epi-t1-registration,10.25663/brainlife.app.286,5e6a8ebd8740673152a3d18f
dichio,bl-ERGM,10.25663/brainlife.app.594,6197cbd45464ddc6f09a3a98
FarnazZE,bnbl-brainlife-create-edge-time-series,10.25663/brainlife.app.489,6048fde5ebfe45fb1b3acdda
guiomar,app-emptyroom-proj,10.25663/brainlife.app.645,62a3246aab3e66978060531f
brainlife,app-ensembletracking,10.25663/bl.app.103,5baa3fc9d0be8b002776b8de
brainlife,app-ensembletracking,10.25663/bl.app.33,592dbbccb3cd7c00211dc235
guiomar,app-epoch-equal,10.25663/brainlife.app.584,616e7fd8fc8eb90a21ff8eaa
brainlife,app-make-epochs,10.25663/brainlife.app.508,60799b9f98cade729e9b281c
brainlife,app-split-dwi-volumes,10.25663/brainlife.app.575,6144aa977a38b05b4ba047f6
brainlife,app-split-dwi-volumes,10.25663/brainlife.app.371,5edc6366c5972b5814b39503
brainlife,app-mrtrix3-split-b0s,10.25663/brainlife.app.263,5df431a62dac9b59e0ae1355
brainlife,app-extract-diffusion-metrics-rois,10.25663/brainlife.app.525,60a8125122b42a158170e126
brainlife,app-extract-diffusion-metrics-rois,10.25663/brainlife.app.283,5e5d6cd482b37f75bd8f310c
brainlife,app-extract-diffusion-metrics-rois,10.25663/brainlife.app.363,5ed02be70a8ed8f33f482e4f
brainlife,app-extract-diffusion-metrics-rois,10.25663/brainlife.app.284,5e5d6cfe82b37fe8808f3165
brainlife,app-extract-diffusion-metrics-rois,10.25663/brainlife.app.285,5e5d6d5282b37f5cfa8f32a2
brainlife,app-extract-diffusion-metrics-rois,10.25663/brainlife.app.364,5ed02c160a8ed81c69482f0f
brainlife,app-extract-diffusion-metrics-tissue-types,10.25663/brainlife.app.377,5ee27b0fc5972b1866b46f10
bacaron,app-extractTCKfromWMC,10.25663/brainlife.app.663,62e96a0af320d93f5ef9accd
brainlife,app-extractTCKfromWMC,10.25663/brainlife.app.251,5dd06111c4ae28135d29adae
brainlife,app-mrtrix3-split-b0s,10.25663/brainlife.app.475,60282ffddea2e28693797e57
brainlife,app-cortex-tissue-mapping-stats,10.25663/brainlife.app.437,5f76303c268f76393329775a
joy-neuro,bnbl_brainlife,10.25663/brainlife.app.460,5fda7ccb57aacd1b0e2f1c91
brainlife,app-fsl-anat,10.25663/brainlife.app.273,5e3c87ae9362b7166cf9c7f4
brainlife,app-fsl-anat,10.25663/brainlife.app.350,5ec6eda01f4464acbc9e54ec
brainlife,app-fsl-anat,10.25663/brainlife.app.512,6083329689df4317546dd88a
brainlife,app-FSLBET,10.25663/brainlife.app.163,5c63a9c3f2362b00318046c2
brainlife,app-FSLBET,10.25663/bl.app.2,5a54faf541fd04003f9d488b
brainlife,app-FSLBET,10.25663/brainlife.app.156,5c58b7e012cbcc01e1635b88
brainlife,app-FSLBET,10.25663/brainlife.app.184,5cc079c54ed9df00317f61a8
brainlife,app-fslDTIFIT,10.25663/brainlife.app.292,5e7f90e9dd840e81aae91906
brainlife,app-fslDTIFIT,10.25663/brainlife.app.137,5c1d67383e9c170177733d3f
brainlife,app-FSLTopupEddy,10.25663/brainlife.app.544,60ef7997ddc2df54d26631cd
brainlife,app-FSLTopupEddy,10.25663/brainlife.app.543,60ef76e8ddc2df373e6630a0
brainlife,app-FSLTopupEddy,10.25663/brainlife.app.542,60ef1c3dddc2df157165f72b
brainlife,app-crop_reorient,10.25663/brainlife.app.502,607084bcc7f80a838695d8f4
brainlife,app-crop_reorient,10.25663/brainlife.app.500,60707f8bc7f80a0cb895d6ca
brainlife,app-crop_reorient,10.25663/brainlife.app.501,6070841ec7f80a148795d7c4
brainlife,app-FSLTopupEddy,10.25663/brainlife.app.155,5c54df0f12cbcc01e1635aff
brainlife,app-FSLTopupEddy,10.25663/brainlife.app.287,5e6e72838a20890d8a8e96af
brainlife,app-FSLTopupEddy,10.25663/brainlife.app.662,62d1aab8f3194eded6010de9
hanna-willis,app-roi-fslmaths,10.25663/brainlife.app.680,633f3e1ffa262bbde29ea5aa
brainlife,app-sift-sift2,10.25663/brainlife.app.616,62682dc8f3858674a29f9c3f
bacaron,app-filter-wmc,10.25663/brainlife.app.621,626c5a55f3858674a2a7d7c3
guiomar,app-peak-frequency,10.25663/brainlife.app.531,60b895780ad40d2658ca61fb
dipy,bl_apps_dipy_fit_csa,10.25663/bl.app.61,5b1efc8673279e0028adfc08
dipy,bl_apps_dipy_fit_csd,10.25663/bl.app.62,5b1efd2973279e0028adfc18
bacaron,app-mrtrix3-act,10.25663/brainlife.app.238,5db224e98aeeee0f87f25c1f
dipy,bl_apps_dipy_fit_dki,10.25663/bl.app.9,5ae9d732f446980028b15ec2
dipy,bl_apps_dipy_fit_dti,10.25663/bl.app.60,5b1efb6673279e0028adfc01
dipy,bl_apps_dipy_fit_ivim,10.25663/brainlife.app.322,5ea7b4d2f1745d1c26f80269
dipy,bl_apps_dipy_fit_mapmri,10.25663/bl.app.67,5b217a3e16fe38002748e5ff
brainlife,app-noddi-amico,10.25663/brainlife.app.343,5ec2c32b41ba11f78bf40526
brainlife,app-noddi-amico,10.25663/bl.app.35,59fa056a98d5fa005dc3d553
brainlife,app-mrtrix3-tensor-fit,10.25663/brainlife.app.528,60ad394922b42ae2f1766b79
brainlife,app-qt1-mrq,10.25663/brainlife.app.481,6036ca8c3a001153f254ebf4
FBK-NILab,fractal_dimension,10.25663/brainlife.app.442,5f8824eff5848e2f8a392e29
brainlife,app-template-python,10.25663/brainlife.app.444,5fa45626e138ec86474ea032
brainlife,app-freesurfer,10.25663/bl.app.0,58c56d92e13a50849b258801
brainlife,app-freesurfer,10.25663/brainlife.app.462,5fe1056057aacd480f2f8e48
bacaron,app-freesurfer,10.25663/brainlife.app.605,621abcaa5d8ab5d5f015c555
brainlife,app-freesurfer-longitudinal,10.25663/brainlife.app.603,61e1a03433cb3deb499043ba
brainlife,app-freesurfer-longitudinal,10.25663/brainlife.app.602,61e195b233cb3deb499027b4
brainlife,app-freesurfer,10.25663/brainlife.app.664,62fa925519b13f0a0edd5c7c
brainlife,app-deface,10.25663/brainlife.app.146,59714d376c3b7e0029153f53
brainlife,app-freesurfer-agg,10.25663/bl.app.94,5b7f0f89b3e3800027ce9b6c
kitchell,app-3Dfreesurfs,10.25663/bl.app.98,5aa826baf315ba00317fe086
brainlife,app-freesurfer-longitudinal-statistics,10.25663/brainlife.app.609,622bd8be5d8ab5d5f034854a
brainlife,app-freesurfer-stats,10.25663/brainlife.app.272,5e31bea8b81ce26c2f9c9a88
brainlife,app-freesurfer-osg,10.25663/brainlife.app.268,5e03c7c332bff0800ae2a47b
brainlife,app-freesurfer-osg,10.25663/bl.app.49,5931c0b8ff090a00210eff09
davhunt,app-GLMdenoise,10.25663/brainlife.app.451,5f6d182b6bbee393d99a6b2c
brainlife,app-roiGenerator,10.25663/brainlife.app.417,5f5a7b200c8f95f36765fee9
davhunt,surface_tools,10.25663/brainlife.app.126,5beefe7b910945002799f6d8
brainlife,app-roiGenerator,10.25663/brainlife.app.453,5fc953b61828bc065252abf2
brainlife,app-prostriata-lgn-roi-generation,10.25663/brainlife.app.288,5e76b21ade643b2ad12a8e31
brainlife,app-roiGenerator,10.25663/brainlife.app.440,5f86894be6432df0c492cd28
brainlife,app-roiGenerator,10.25663/brainlife.app.349,5ec69cdd1f4464c1e69e3a21
brainlife,app-roiGenerator,10.25663/brainlife.app.411,5f5277bf42c17215e36504d8
brainlife,app-roiGenerator,10.25663/brainlife.app.485,603b05a578e65d7545d1b80c
brainlife,app-roiGenerator,10.25663/brainlife.app.413,5f52cc1242c172b908651a8a
brainlife,app-ROIsfromAtlas,10.25663/brainlife.app.140,5c364d71836af601cc85864d
brainlife,app-roiGenerator,10.25663/brainlife.app.549,60f83f2db991118b34b56b02
brainlife,app-roiGenerator,10.25663/brainlife.app.242,5dbb497c8aeeee769af34e75
brainlife,app-roiGenerator,10.25663/brainlife.app.342,5ec29d1641ba11e054f3edc1
brainlife,app-roiGenerator,10.25663/brainlife.app.591,6192cd0d983d5bb13f951b61
brainlife,app-roiGenerator,10.25663/brainlife.app.592,6192d0a4983d5bb13f958870
brainlife,app-roiGenerator,10.25663/brainlife.app.546,60f5a0bab99111586bb464ae
brainlife,app-plot-classified-streamlines,10.25663/brainlife.app.401,5f35afa64615e04b1abf9a43
brainlife,app-roiGenerator,10.25663/brainlife.app.414,5f52cc4b42c17250a7651b63
brainlife,app-roiGenerator,10.25663/brainlife.app.441,5f873282e6432d41a892e131
brainlife,app-roiGenerator,10.25663/brainlife.app.624,62757902cbc76827b7240da9
brainlife,app-wmc_figures,10.25663/brainlife.app.607,6220e63e5d8ab5d5f01fb8c1
kitchell,app-AFQ_figures,10.25663/brainlife.app.310,5e90d0b1952fef2bba7bc991
brainlife,app-plot-odf,10.25663/brainlife.app.317,5e9d30c6f1745d6b05f681b7
brainlife,app-slicer-fsl,10.25663/brainlife.app.298,5e88c6f0952fef0a3d7abf59
brainlife,app-slicer-fsl,10.25663/brainlife.app.309,5e8e162f952fef6d527b6d09
brainlife,app-slicer-fsl,10.25663/brainlife.app.367,5ed02d3c0a8ed86d37483300
brainlife,app-slicer-fsl,10.25663/brainlife.app.303,5e88c77c952fef4cce7ac043
brainlife,app-slicer-fsl,10.25663/brainlife.app.300,5e88c72d952fefe0a07abfb6
brainlife,app-slicer-fsl,10.25663/brainlife.app.301,5e88c743952fef67fc7abfe5
brainlife,app-slicer-fsl,10.25663/brainlife.app.588,617061bffc8eb9a0ee00a911
brainlife,app-cortex-mapping-images,10.25663/brainlife.app.461,5fe00ea457aacde3b62f7704
brainlife,app-slicer-fsl,10.25663/brainlife.app.299,5e88c717952fef602e7abf87
brainlife,app-slicer-fsl,10.25663/brainlife.app.490,604b9bbf38fe120d9bef80f2
brainlife,app-slicer-fsl,10.25663/brainlife.app.308,5e8ccf72952fef2eb67b4252
brainlife,app-slicer-fsl,10.25663/brainlife.app.307,5e8ccdb3952fef30b27b41e3
brainlife,app-slicer-fsl,10.25663/brainlife.app.302,5e88c763952fefb8487ac014
brainlife,app-slicer-fsl,10.25663/brainlife.app.312,5e9272ed3f18bacda81d973e
brainlife,app-cortex-mapping-images,10.25663/brainlife.app.555,6109ecd3b991116939bee534
brainlife,app-trekker-roi-tracking,10.25663/brainlife.app.550,60fecf3eb9911170e6b89722
brainlife,app-endpointMapGeneration,10.25663/brainlife.app.182,5cb64c22454d3c00353fa27f
brainlife,app-endpointMapGeneration,10.25663/brainlife.app.194,5cc9ea944b5e4502275edb99
DanNBullock,app-wma_pyTools-TractFigs,10.25663/brainlife.app.638,628ceb91d0697cf1eaed4a14
soichih,app-bids-hcppipeline,10.25663/bl.app.82,594c649629ff5f002175469b
brainlife,app-hcp-freesurfer,10.25663/bl.app.79,5aabcf10f0b5260027e24ac8
soichih,app-hcp-postfreesurfer,10.25663/bl.app.80,5aabd373f0b5260027e24acc
brainlife,app-hcp-prefreesurfer,10.25663/bl.app.78,5aaae79df0b5260027e24abe
brainlife,app-hcp-pipeline,10.25663/brainlife.app.593,6195b7a070ab03658d4c2af1
brainlife,app-hcp-pipeline,10.25663/brainlife.app.465,5ffee3dfaacf9e53e7a67093
anibalsolon,HD-BET_app,10.25663/brainlife.app.416,5f592ced0c8f9597ac65ae41
PranavMahajan25,HOI_toolbox,10.25663/brainlife.app.563,6117984ca5a04c6800fa6973
brainlife,app-intersect-tract-roi,10.25663/brainlife.app.545,60f206cfddc2dfbfa56726d1
jkilmarx,app-template-python,10.25663/brainlife.app.447,5fa48155e138ec0c3e4ea742
kitchell,app-LBspectrum_matlab,10.25663/bl.app.97,5a53b2be56e507002d1a9628
kitchell,app-LBspectrum_matlab,10.25663/bl.app.96,5a64d43c3a1b10004544482a
brainlife,app-life,10.25663/bl.app.104,5baa44b1d0be8b002776b8f7
bcmcpher,app-life-dev,10.25663/brainlife.app.491,604bbf6d38fe12172eef88b8
brainlife,app-life,10.25663/bl.app.1,58d15dece13a50849b258842
brainlife,app-fsl-flirt,10.25663/brainlife.app.458,5fd0f921678a9161d04a61cc
sunaguo,brainlife-app-test,10.25663/brainlife.app.446,5fa47f87e138ec5bfa4ea73d
guiomar,app_ctf2mne,10.25663/brainlife.app.634,628b6054d0697cf1eaeb1972
guiomar,app_fif2mne,10.25663/brainlife.app.632,628b5c89d0697cf1eaeaffad
guiomar,app-meg-filter,10.25663/brainlife.app.537,60da1330cdfdb5366b00d4f7
guiomar,app-artifact-rejection,10.25663/brainlife.app.585,616e8787fc8eb9ab81ff9105
guiomar,app-mne-1,10.25663/brainlife.app.469,601456f6e7e1b76d05aa40fa
guiomar,app-mne-2,10.25663/brainlife.app.520,60a2ba4d03bcadb1d77ce874
guiomar,app-mne-3,10.25663/brainlife.app.521,60a3e9b403bcad29587d2f27
brainlife,app-mriqc,10.25663/bl.app.52,599a387b321afa0023e821ee
brainlife,app-tracking,10.25663/bl.app.105,5baaa881d0be8b002776b954
brainlife,app-tracking,10.25663/bl.app.59,58cdf136e13a50849b258836
brainlife,app-make-white-matter-mask-freesurfer,10.25663/brainlife.app.340,5eb99e5ee8e7ace25d8a9dcc
brainlife,app-make-white-matter-mask-freesurfer,10.25663/brainlife.app.341,5eb99e8ee8e7ac579b8a9e25
brainlife,app-cortex-tissue-mapping,10.25663/brainlife.app.572,613a314e584a76610e429ad9
brainlife,app-template-matlab,10.25663/brainlife.app.419,5f66ac1fcfa365f139c92998
filipinascimento,bl-network-template-matlab,10.25663/brainlife.app.471,601d6301ab40ca0bcf4aac34
guiomar,app-peak-amplitude,10.25663/brainlife.app.583,616d6d2dfc8eb97193ff219a
brainlife,app-merge-rois,10.25663/brainlife.app.316,5e9d0d59f1745daf82f68016
bacaron,app-mergeTCK,10.25663/brainlife.app.608,62213ffe5d8ab5d5f02166c3
bacaron,app-mergeTCK,10.25663/brainlife.app.305,5e8b98eb952fef035f7b1653
brainlife,app-roiGenerator,10.25663/brainlife.app.547,60f5b833b991116f18b47913
kathrynalpert,app-mouse_seg,10.25663/bl.app.75,5aa08aa96f97ad0033d4d86b
brainlife,app-mrtrix2-csd,10.25663/brainlife.app.255,5de1664e936ca31ee1c610f5
brainlife,app-mrtrix2-csd,10.25663/brainlife.app.344,5ec2c8f541ba11eecbf40ba5
brainlife,app-mrtrix3-roi2roi-tracking,10.25663/brainlife.app.339,5eb875c6d856c0da37270c3c
brainlife,app-mrtrix3-roi2roi-tracking,10.25663/brainlife.app.337,5eb5d968dca08712b9a766fd
faskowit,app-multiAtlasTT,10.25663/brainlife.app.470,6016dcdc321a4aafce6decd5
faskowit,app-multiAtlasTT,10.25663/bl.app.23,5aeb34f2f446980028b15ef0
brainlife,app-noddi-amico,10.25663/brainlife.app.366,5ed02ca70a8ed8a9c04831d3
brainlife,app-noddi-amico,10.25663/brainlife.app.229,5d781dc0281b95c9b1820fe8
filipinascimento,bl-network-communities,10.25663/brainlife.app.290,5e79cdc2dd840e9395e866a2
brainlife,bl-network-template,10.25663/brainlife.app.468,60143233e7e1b77d78aa326b
bcmcpher,app-networkmatrices,10.25663/brainlife.app.121,5bcdefeadc47f70026e8c6ac
filipinascimento,bl-network-measurements,10.25663/brainlife.app.321,5ea70853f1745db7d9f7b0dc
brainlife,app-networkneuro,10.25663/bl.app.47,58e6d875b1157a7f0f82c453
brainlife,app-networkneuro-agg,10.25663/bl.app.89,5b73494459b6e90027009955
filipinascimento,bl-network-nullmodel,10.25663/brainlife.app.277,5e4ad2fd1eafff0efcf9d011
filipinascimento,bl-network-template-matlab,10.25663/brainlife.app.472,601d716fab40cae5124ab1a2
filipinascimento,bl-network-preprocess,10.25663/brainlife.app.289,5e76ea90de643b5e7c2a9404
filipinascimento,bl-network-report,10.25663/brainlife.app.435,5f718f9e6bbee362ba9adef2
filipinascimento,bl-network-visualization,10.25663/brainlife.app.306,5e8ccbef952fef68c17b4095
brainlife,app-nobrainer,10.25663/brainlife.app.218,5d54568576a4090027b0a0da
brainlife,app-noddi-amico,10.25663/brainlife.app.365,5ed02c520a8ed8e7bb483031
brainlife,app-noddi-amico,10.25663/brainlife.app.117,5bc7ac1244f3980027a7aafd
brainlife,app-noddi-matlab,10.25663/brainlife.app.158,5c5a5ddf464fde003639ebbf
anibalsolon,PRFmodel-app,10.25663/brainlife.app.589,6172e5864fd85c20b7533e94
guiomar,app-psd,10.25663/brainlife.app.530,60b7589f0ad40d957dca311a
guiomar,app-epoch-psd,10.25663/brainlife.app.587,616fe817fc8eb96a43000442
brainlife,app-freesurfer-stats,10.25663/brainlife.app.443,5f93720f60a969050d973859
brainlife,app-freesurfer-stats,10.25663/brainlife.app.374,5edff75dc5972b30f6b41394
brainlife,app-freesurfer-stats,10.25663/brainlife.app.484,603b047b78e65dec6fd1b5dc
brainlife,app-freesurfer-stats,10.25663/brainlife.app.464,5fea87ed0cd861261e168fe5
brainlife,app-freesurfer-stats,10.25663/brainlife.app.463,5fea87300cd861959f168ef8
brainlife,app-participant-report,10.25663/brainlife.app.601,61d7351c33cb3deb4984e8d5
giulia-berto,app-extract-peaks,10.25663/brainlife.app.172,5c8189cd2fbcc20034b39e60
brainlife,app-penumbra-analysis,10.25663/brainlife.app.266,5dfabeea32bff0714de25e9f
kitchell,app-plot3Dobjects,10.25663/brainlife.app.131,596cdb1a88ae6f0021531d6a
kitchell,app-plotEigenfunctions,10.25663/bl.app.55,5a54f0b84f89380027a9a48d
guiomar,app-bands-topomap,10.25663/brainlife.app.586,616e9266fc8eb95c38ff9532
brainlife,app-plot-response,10.25663/brainlife.app.311,5e922401300b4e122081c882
giulia-berto,app-plot-tract-measures,10.25663/bl.app.58,5b1a549e73279e0028adfba2
brainlife,app-wmaSeg,10.25663/bl.app.46,5b0f1c515858d874a472dea7
DanNBullock,app-de-island_parcellation,10.25663/brainlife.app.639,629a6d3c7f60950a54cc7a6e
FarnazZE,bnbl-brainlife-predict-fc-from-sc,10.25663/brainlife.app.646,62a552e9ab3e66978060fa26
brainlife,app-pynets,10.25663/brainlife.app.486,6041f75166d5ce1daf6efb55
brainlife,app-qsiprep,10.25663/brainlife.app.246,5dc1c2e57f55b85a93bd3021
davhunt,app-qoala-t-model-a,10.25663/brainlife.app.386,5eefdb0b78d63f4c2fd37637
brainlife,app-classifiedfibertractstats,10.25663/bl.app.12,599f2c0a1a12b6002f642c74
brainlife,app-mrtrix3-act,10.25663/bl.app.101,5aac2437f0b5260027e24ae1
giulia-berto,app-plot-roc-curve,10.25663/brainlife.app.180,5cb0c93f454d3c00353fa0d3
brainlife,app-roiGenerator,10.25663/brainlife.app.334,5ea9e8fd0efebf12de1984ee
brainlife,app-roiGenerator,10.25663/brainlife.app.235,5da537382b4f67d8f7e67166
brainlife,app-roiGenerator,10.25663/brainlife.app.154,5c54d89912cbcc01e1635aeb
brainlife,app-roiGenerator,10.25663/brainlife.app.223,5d60ccf84cfacf00366c11cc
brainlife,app-roiGenerator,10.25663/bl.app.37,5b061a2ad85b030192ff6ab4
brainlife,app-roi2roitracking,10.25663/brainlife.app.279,5e516420cb80941d63f51b0e
brainlife,app-roi2roitracking,10.25663/bl.app.34,5b01f6849ae9260026c8ddc6
brainlife,app-roi2roitracking,10.25663/brainlife.app.333,5ea9d98df1745d5443f84dc6
dipy,bl_apps_dipy_recobundles,10.25663/brainlife.app.113,5bbfbbc71f00c80027644894
kitchell,app-reconstructLBeigenfunction,10.25663/bl.app.36,5b0614c6d85b030192ff6aae
anibalsolon,app-reho,10.25663/brainlife.app.567,6130060d584a7684793c3e5f
brainlife,app-vistasoft-registration,10.25663/bl.app.50,59fb2f15c996d0002d47ee1d
brainlife,app-removeFirstB0,10.25663/brainlife.app.197,5cd1cc287d889900340f6f0e
dipy,bl_apps_dipy_gibbs_ringing,10.25663/brainlife.app.327,5ea7c768f1745db773f8041d
brainlife,app-removeTractOutliers,10.25663/brainlife.app.157,5c59dc65464fde003639ebb2
brainlife,app-removeTractOutliers,10.25663/brainlife.app.195,5cc9eca04b5e4502275edba6
amnsbr,app-remove-first-volumes,10.25663/brainlife.app.495,6065aa66d040080706b09da2
brainlife,app-cortex-tissue-mapping,10.25663/brainlife.app.551,6101a824b9911153e8ba5f55
brainlife,app-resample-surface-data,10.25663/brainlife.app.604,62100c47c16bfbf27e09a18f
giulia-berto,app-resample-tck,10.25663/brainlife.app.124,5bdc3c2218c7cd002708d78d
dipy,bl_apps_dipy_reslice,10.25663/bl.app.5,5ae8dbccf446980028b15e95
bacaron,app-reslice-rois-dwi,10.25663/brainlife.app.671,633336fcdb978c799193d995
bacaron,app-reslice-roi-t1,10.25663/brainlife.app.522,60a590f422b42ad40d6fb317
bacaron,app-reslice-roi-t1,10.25663/brainlife.app.539,60e4c42e4cb7040aec068b83
brainlife,app-datanormalize,10.25663/bl.app.4,59272453436ee50ffd669a08
brainlife,app-filter-tractograms,10.25663/brainlife.app.619,626ab5b3f3858674a2a3f407
anibalsolon,app-seed-correlation,10.25663/brainlife.app.571,61395cfa584a767f674249ec
brainlife,app-intersect-tract-roi,10.25663/brainlife.app.282,5e54514f5b9d90668672d5fc
brainlife,app-intersect-tract-roi,10.25663/brainlife.app.556,610cad1fe1a90d476797cffe
brainlife,app-segment-thalamic-nuclei,10.25663/brainlife.app.222,5d60c7314cfacf00366c11c2
brainlife,app-streamlineCategorySegmentation,10.25663/brainlife.app.151,5c3fba22147b69003601ca60
brainlife,app-streamlineCategorySegmentation,10.25663/brainlife.app.249,5dc9d8ee5017f0bde0519db5
brainlife,app-extract-bundles-quickbundles,10.25663/brainlife.app.438,5f77e8cd268f7638af29a925
brainlife,app-pyafq-segment,10.25663/brainlife.app.295,5e82b9eadd840e693ae970be
DanNBullock,app-segment_with_ROIs,10.25663/brainlife.app.631,628a4e34d0697cf1eae9b915
dipy,bl_apps_dipy_median_otsu,10.25663/bl.app.70,5a5100c306b9e8003f1ee684
soichih,app-shapesignature,10.25663/brainlife.app.141,5c37b38f836af601cc8587af
guiomar,app-meg-split-fif,10.25663/brainlife.app.529,60b139f022b42a6dc5771dd2
guiomar,app-meg-split-ctf,10.25663/brainlife.app.536,60d08cb5cdfdb50acdff5893
brainlife,app-splitshells,10.25663/bl.app.17,592db717b3cd7c00211dc230
dipy,bl_apps_dipy_slr,10.25663/brainlife.app.332,5ea9b710f1745d6d4af842f2
brainlife,app-sift2-connectome-generation,10.25663/brainlife.app.617,626840bbf3858674a29fe791
brainlife,app-sift2-connectome-generation,10.25663/brainlife.app.580,6165b253fc8eb97e54faca55
brainlife,app-sift2-connectome-generation,10.25663/brainlife.app.394,5f2a1b64beafe9cce862b4fd
brainlife,app-sift2-connectome-generation,10.25663/brainlife.app.395,5f2ac098beafe9595162c249
bcmcpher,app-StructuralCountNetwork,10.25663/brainlife.app.503,60707088c7f80a837895d048
DanNBullock,app-DIPY-connectome_and_WMC_from_parc,10.25663/brainlife.app.640,629a6ee47f60950a54cc82f6
FarnazZE,bnbl-brainlife-sc-based-predictors,10.25663/brainlife.app.606,621e582f5d8ab5d5f01b357c
brainlife,app-extract-warp-temp,10.25663/brainlife.app.402,5f4bbdb429b3acd6f3f213dc
brainlife,app-convert-noddi-datatypes,10.25663/brainlife.app.368,5ed0324ce3f453693e267d1f
brainlife,app-temp-parc-surface-deprecated-converter,10.25663/brainlife.app.582,6169c901fc8eb97d1efe09fe
dipy,bl_apps_dipy_mask,10.25663/bl.app.65,5b21753e16fe38002748e5e1
soichih,app-test,10.25663/bl.app.45,59c47cdc561b3f002182e673
brainlife,app-testgradientflip,10.25663/bl.app.18,59779342749315002f268594
brainlife,app-template-python,10.25663/brainlife.app.445,5fa46d70e138ec6b634ea36b
brainlife,app-time-series-2-network,10.25663/brainlife.app.372,5eded100c5972bf65db3e2f9
filipinascimento,bl-timeseries2network,10.25663/brainlife.app.532,60b961b10ad40d58e1ca7fe7
DanNBullock,app-SNR_Report,10.25663/brainlife.app.643,629fb60a7f60950a54d5e63b
brainlife,app-mrtrix3-5tt,10.25663/brainlife.app.239,5db234008aeeee3329f25d9c
brainlife,app-tractDensityMasks,10.25663/brainlife.app.498,6068bf10c7f80a3c109411b0
brainlife,app-contrack-optic-radiation,10.25663/brainlife.app.252,5ddb7138936ca3c660c58a46
brainlife,app-contrack-visual-white-matter,10.25663/brainlife.app.254,5ddce502936ca3bec8c5b4b7
brainlife,app-trekker-roi-tracking,10.25663/brainlife.app.233,5d9632fdf6484a44c06a87db
brainlife,app-trekker-roi-tracking,10.25663/brainlife.app.405,5f4f12ce42c172341e648573
brainlife,app-trekker-roi-tracking,10.25663/brainlife.app.375,5ee1cf9bc5972b084cb44de8
brainlife,app-roi2roitracking,10.25663/brainlife.app.253,5ddcab89936ca37544c5adf3
brainlife,app-contrack-visual-white-matter,10.25663/brainlife.app.647,62a7b499ab3e66978061e46c
brainlife,app-trekker-roi-tracking,10.25663/brainlife.app.226,5d65964c39867291e349624a
brainlife,app-trekker-roi-tracking,10.25663/brainlife.app.404,5f4f103f42c172427b64837d
brainlife,app-trekker-roi-tracking,10.25663/brainlife.app.351,5ec842e71f44640ff49e8db1
brainlife,app-trekker-roi-tracking,10.25663/brainlife.app.354,5ecc88fa1f44648d649ece57
brainlife,app-mrtrix3-roi2roi-tracking,10.25663/brainlife.app.347,5ec584961f44640f6b9e2658
brainlife,app-mrtrix3-roi2roi-tracking,10.25663/brainlife.app.348,5ec584b51f446416ca9e26fe
brainlife,app-trekker-roi-tracking,10.25663/brainlife.app.357,5ecca2f11f446435999ed9f9
brainlife,app-trekker-roi-tracking,10.25663/brainlife.app.360,5ecca4a01f4464207d9edf84
brainlife,app-trekker-roi-tracking,10.25663/brainlife.app.353,5ecc63491f446406c39ecbfd
brainlife,app-mrtrix3-roi2roi-tracking,10.25663/brainlife.app.407,5f51279442c17258f764c7ee
brainlife,app-mrtrix3-roi2roi-tracking,10.25663/brainlife.app.406,5f5126cf42c172061a64c5c0
brainlife,app-mrtrix3-roi2roi-tracking,10.25663/brainlife.app.352,5ecc12711f4464fbe69ec07f
DanNBullock,app-track_aLIC,10.25663/brainlife.app.630,628a45c0d0697cf1eae9a3fe
brainlife,app-trekker-roi-tracking,10.25663/brainlife.app.418,5f5a8c510c8f95df586610fd
dipy,bl_apps_dipy_track,10.25663/brainlife.app.331,5ea7dcbbf1745d2293f80794
dipy,bl_apps_dipy_track,10.25663/bl.app.66,5b21774b16fe38002748e5ef
dipy,bl_apps_dipy_track,10.25663/brainlife.app.330,5ea7dc4ef1745d4963f80739
dipy,bl_apps_dipy_track_pft,10.25663/brainlife.app.328,5ea7d53bf1745d82a5f80509
dipy,bl_apps_dipy_track,10.25663/brainlife.app.448,5ea7dbebf1745d70baf80678
brainlife,app-tractanalysisprofiles,10.25663/bl.app.43,59ca5c03c27f5b0770add9cf
brainlife,app-tractanalysisprofiles,10.25663/brainlife.app.361,5ed02b780a8ed88a57482c92
brainlife,app-tractanalysisprofiles,10.25663/brainlife.app.362,5ed02bb20a8ed87a11482d81
brainlife,app-tractanalysisprofiles,10.25663/brainlife.app.345,5ec2f40841ba111ec4f421f7
brainlife,app-tractanalysisprofiles,10.25663/brainlife.app.185,5cc210ce4ed9df00317f61cf
brainlife,app-tractanalysisprofiles,10.25663/brainlife.app.474,6023450fab40ca71564cb1e6
brainlife,app-tractanalysisprofiles,10.25663/brainlife.app.523,60a6a8f922b42a89506ff897
brainlife,app-tractprofiles-agg,10.25663/bl.app.90,5b74603859b6e90027009974
brainlife,app-tract-profile,10.25663/bl.app.86,59638eb91b382a00216a99f5
brainlife,app-tractseg,10.25663/bl.app.95,5b82d7f4e2f4f800275e020f
brainlife,app-tractseg,10.25663/brainlife.app.186,5cc3ccf94ed9df00317f6203
FBK-NILab,TractSeg-BrainLife,10.25663/brainlife.app.205,5cf00ab9059f7a0036ff3848
FBK-NILab,TractSeg-BrainLife,10.25663/brainlife.app.204,5cf00841059f7a0036ff383f
FBK-NILab,tractogram_filtering,10.25663/brainlife.app.390,5f035c35c67a0de2212abf6a
DanNBullock,app-filterViaQuickbundles,10.25663/brainlife.app.564,611aa462a5a04c4672fb671b
brainlife,app-tractographyQualityCheck,10.25663/brainlife.app.139,5c350f24836af601cc858601
brainlife,app-tractographyQualityCheck,10.25663/brainlife.app.189,5cc9c6b44b5e4502275edb4b
brainlife,app-tractographyQualityCheck,10.25663/brainlife.app.296,5e837461dd840e2ef3e988ee
brainlife,app-trekker,10.25663/brainlife.app.356,5ecc9bfe1f446412299ed644
brainlife,app-trekker,10.25663/brainlife.app.466,60073190af402b2d814853e0
brainlife,app-trekker,10.25663/brainlife.app.214,5d2eada46c03750a8a5252cd
brainlife,app-trekker-roi-tracking,10.25663/brainlife.app.355,5ecc95311f446482f59ed395
brainlife,app-trekker-roi-tracking,10.25663/brainlife.app.415,5f52e1c542c172f98a6532e4
brainlife,app-trekker-roi-tracking,10.25663/brainlife.app.358,5ecca39d1f4464e2bb9edc0a
brainlife,app-trekker-roi-tracking,10.25663/brainlife.app.338,5eb8755ed856c03663270a34
brainlife,app-trekker-roi-tracking,10.25663/brainlife.app.280,5e542e855b9d904b1e72cdc9
brainlife,app-socr-mlra,10.25663/bl.app.84,5b50a45b786e0f002791d301
DanNBullock,app-voxeleronOCT,10.25663/brainlife.app.346,5ec4646f41ba118064f44d41
brainlife,app-segment-tracts-between-multiple-regions,10.25663/brainlife.app.190,5cc9ccca4b5e4502275edb56
brainlife,app-segment-tracts-between-multiple-regions,10.25663/brainlife.app.191,5cc9ce364b5e4502275edb5e
kitchell,app-AFQ_figures,10.25663/brainlife.app.145,5967b45e81d7ef0021538e89
brainlife,app-subj2reference,10.25663/brainlife.app.169,5c7319a5badd19003102e8d8
brainlife,app-warp-t1,10.25663/brainlife.app.448,5fa95136afcdcceef4c40294
brainlife,app-subj2reference,10.25663/brainlife.app.558,61158b45a5a04c9673f9d510
brainlife,app-wmaSeg,10.25663/bl.app.41,5ac8e11671d0210718658ee2
brainlife,app-wmaSeg,10.25663/brainlife.app.188,5cc73ef44ed9df00317f6288
brainlife,app-wmaSeg,10.25663/bl.app.40,59bff3427fb404002d8ce7d4
kitchell,app-wmMask,10.25663/bl.app.10,5a28180e67007b77e4d51cce
brainlife,app-mrtrix3-act,10.25663/brainlife.app.318,5e9db4c5f1745d5768f68d19
soichih,app-trk2mp4,10.25663/brainlife.app.526,60a8274222b42a39e77140e5
hanna-willis,app-fslswap,10.25663/brainlife.app.668,632c9b506985655cc5892a9a
zahransa,app-covariance,10.25663/brainlife.app.625,627a5fc1d0697cf1eacb310b
zahransa,app-ICA-params,10.25663/brainlife.app.675,63344389db978c79919cbb82
zahransa,app-ICA-plot,10.25663/brainlife.app.676,633449badb978c79919ced98
zahransa,app-SSP,10.25663/brainlife.app.654,62b9578ff3194eded6f713f2
zahransa,app-SSP-projectors-EOG,10.25663/brainlife.app.673,63340c27db978c79919b9684
zahransa,app-anatomy,10.25663/brainlife.app.658,62c7f9e5f3194eded6ff05ab
zahransa,app-apply-ICA,10.25663/brainlife.app.679,63358285db978c7991a30e5b
zahransa,app-artifact-amplitude,10.25663/brainlife.app.653,62b1c272ab3e66978065736f
guiomar,app-brainstorm-1_import_anatomy,10.25663/brainlife.app.467,60107014c0810378a8b98e1b
zahransa,app-epoch,10.25663/brainlife.app.613,625d3130cc8ab2b339ea2692
zahransa,app-events,10.25663/brainlife.app.666,632993fd71291bb27f9ab7c9
zahransa,app-evoked-averaged,10.25663/brainlife.app.618,62697515f3858674a2a22372
zahransa,app-filter,10.25663/brainlife.app.661,62c7fc68f3194eded6ff06aa
zahransa,app-forward,10.25663/brainlife.app.627,627a60e9d0697cf1eacb34d7
M-ballabio1,app-helloworld1,10.25663/brainlife.app.533,60c086470ad40db0cdcc2798
zahransa,app-inverse,10.25663/brainlife.app.628,627a6508d0697cf1eacb410f
zahransa,app-maxwell-filtering,10.25663/brainlife.app.660,62c7fbf5f3194eded6ff0675
bcmcpher,app-repeat-tracking,10.25663/brainlife.app.183,5cbe38a66ff3840034f7f19e
bcmcpher,app-repeat-tracking,10.25663/brainlife.app.175,5ca2625965ade200e89d649d
bcmcpher,app-repeat-tracking,10.25663/brainlife.app.176,5ca664f2666d760036a7b94b
zahransa,app-selecting-ICA-components-manually,10.25663/brainlife.app.678,63358117db978c7991a302cb
vnbcs,app-skullStrip,10.25663/brainlife.app.565,6123dbd52301762133d575a5
AuroreBussalb,app-test,10.25663/brainlife.app.473,60210bc3ab40ca86284bf784
zahransa,app-time-frequency,10.25663/brainlife.app.659,62c7fa47f3194eded6ff05cb
sandrahanekamp,app-bedpostx,10.25663/brainlife.app.578,615b769ffc8eb96633f613aa
mandymejia,app-clever,10.25663/bl.app.71,5b2975d616fe38002748e79a
hanna-willis,app-combine-roi-scans,10.25663/brainlife.app.681,6340875ffa262bbde2a153f7
svincibo,app-combineROI,10.25663/brainlife.app.313,5e94e5ec5092192299f0dde6
frankyeh,dsi-studio-atk,10.25663/brainlife.app.423,5f6a01dfcfa365587cc9995f
frankyeh,dsi-studio-dwi2src,10.25663/brainlife.app.422,5f6960bacfa3657551c967e1
frankyeh,dsi-studio-qc,10.25663/brainlife.app.428,5f6b8de3cfa3655f0bca477d
frankyeh,dsi-studio-src2fib,10.25663/brainlife.app.427,5f6b88d3cfa36516c9ca3dda
frankyeh,dsi-studio-trk,10.25663/brainlife.app.429,5f6c0db66bbee327dd99efa4
frankyeh,dsi-studio-trk2tt,10.25663/brainlife.app.426,5f6a7c2bcfa3656568c9d1b4
frankyeh,dsi-studio-tt2trk,10.25663/brainlife.app.425,5f6a7bd0cfa3655296c9d143
brainlife,app-dt6tonifti,10.25663/bl.app.48,5a77640c5bf7fb0039f2f809
brainlife,app-dtiinit,10.25663/bl.app.3,58c56cf7e13a50849b258800
hanna-willis,app-fslswap,10.25663/brainlife.app.652,62ac6847ab3e66978063e37c
roijo,NiftyNet,10.25663/brainlife.app.459,5fd7a1ee57aacd10b72ebecf
dPys,app-extract_b0_masks,10.25663/brainlife.app.600,61d5e77d33cb3deb49834d4a
faskowit,app-fmri-2-mat,10.25663/brainlife.app.369,5ed05fe8e3f4538080268585
faskowit,app-fmri-2-mat,10.25663/brainlife.app.167,5c720cf63e2f2c0030a23486
brainlife,app-fmriprep,10.25663/brainlife.app.267,5dfceebd32bff0640ce27bbd
brainlife,app-fmriprep,10.25663/brainlife.app.160,5c61c69f14027a01b14adcb3
vnbcs,app-fmriprep,10.25663/brainlife.app.682,63458604fa262bbde2a93af2
svincibo,app-mergeTCK,10.25663/brainlife.app.304,5e8b5ae6952fefe5407b097e
svincibo,app-mergeDWI,10.25663/brainlife.app.275,5e419e50301ffc2c9833fe09
svincibo,app-mergeROI,10.25663/brainlife.app.314,5e94f84e509219bc56f0e1ea
svincibo,app-mergeTCK,10.25663/brainlife.app.219,5d5c2a214cfacf00366c0fd0
brainlife,app-align-n-average-images,10.25663/brainlife.app.385,5eee4834d39ceb0c28a114a0
brainlife,app-mrtrix3-act,10.25663/brainlife.app.319,5e9dced9f1745d6994f692c0
brainlife,app-mrtrix3-preproc,10.25663/bl.app.68,5a813e52dc4031003b8b36f9
giulia-berto,app-multi-lap,10.25663/brainlife.app.209,5d14bc062daec10035f3f86e
giulia-berto,app-multi-lap,10.25663/brainlife.app.174,5c9619c665ade200e89d60c5
brainlife,app-noop,10.25663/brainlife.app.110,5bbd0649fcb14c00272a3876
brainlife,app-ensembletracking,10.25663/brainlife.app.149,5a70cc8142d17b00459e80dc
brainlife,app-prf,10.25663/bl.app.31,5afc9831322997002773ed1c
davhunt,app-prfv2,10.25663/brainlife.app.315,5e9613ce6365e976b7471d50
brainlife,app-benson14-retinotopy,10.25663/brainlife.app.559,6115c829a5a04c2a80f9e7f7
davhunt,app-benson14-retinotopy,10.25663/brainlife.app.187,5cc4cd3f4ed9df00317f621d
brainlife,app-pydeface,10.25663/brainlife.app.388,5ef2c397c67a0d84a529667a
brainlife,app-rsHRF,10.25663/brainlife.app.208,5cf9582f94cb4c02b711c797
